id;event;estimated_participants;start_time;end_time;user_id
1;mobile Fish;77969;2019-10-18T05:37:28;2019-10-18T05:40:04;1
2;Dam;9997;2019-10-18T18:35:53;2019-10-18T08:58:13;1
3;seamless Metal deposit;5641;2019-10-19T20:42:52;2019-10-18T02:39:52;1
4;Implementation Electronics Officer;61748;2019-10-18T12:41:25;2019-10-18T05:18:45;1
5;Grocery Home;52477;2019-10-18T05:18:28;2019-10-18T10:23:44;1
6;Gorgeous Frozen Pants;23277;2019-10-18T09:02:48;2019-10-18T17:49:03;1
7;Savings Account syndicate Planner;46676;2019-10-18T18:52:38;2019-10-19T23:21:14;1
8;Yuan Renminbi Centers;1326;2019-10-19T21:13:09;2019-10-19T21:22:46;1
9;South Dakota envisioneer Music;23089;2019-10-18T03:34:14;2019-10-18T14:12:27;1
10;Bahamian Dollar Investment Account;83319;2019-10-18T19:10:00;2019-10-18T15:49:53;1
